canonical name,canonical id,absorbed name,absorbed id,MC
ATLAS TEAM LOGISTICS,carrier-1783607778073,ATLAS,carrier-1784229445355,1087995
POP & SONS TRANSPORT,carrier-1783699327425,POP AND SONS,carrier-1783699299873,058234
CARGO FREIGHT LLC,carrier-1783786354633,CARGO FREIGHT,carrier-1784243346906,1615927
G-GLOVE TRUCKING SERVICES LLC,carrier-1783943439942,g glov,carrier-1783807620363,1268373
SHON EXPRESS INC,carrier-1783870110169,Shon Express,carrier-005,1157067
ABA CARRIERS INC,carrier-1783688440937,ABA CARRIERS,carrier-006,1307083
SKILL TRANSPORTATION LLC,carrier-1783870058129,Skill Transportation,carrier-007,974919
WRNR LLC,carrier-1784401187503,WRNR,carrier-008,1588720
ATLANTIC CARGO COMPANY,carrier-ls-059174,Atlantic Cargo,carrier-011,059174
ATLANTIC CARGO COMPANY,carrier-ls-059174,ATLANTIC CARGO CO,carrier-1784317040998,059174
FLEX LOGISTICS LLC,carrier-1783687196526,Flex Logistics,carrier-015,057376
BUTATA LLC,carrier-1783725434453,BUTATA,carrier-018,1316018
MQ EXPRESS INC,carrier-ls-134698,MQ Express,carrier-021,134698
GRAY CARGO LLC,carrier-1783867149246,GRAY Cargo,carrier-022,1215090
OCEAN FREIGHT LINES INC,carrier-1783703633941,OCEAN FREIGHT LINES,carrier-025,1413750
B & B TRUCKING INC,carrier-1783724716654,B&B Trucking,carrier-028,281899
CEASERS CARGO LLC,carrier-ls-1527504,Ceasers Cargo,carrier-029,1527504
TOP CARGO LLC,carrier-ls-862784,Top Cargo,carrier-033,862784
CHYNGA,carrier-1784116356865,Chynga INC,carrier-034,1190835
CHAMBERS TRANSPORT LLC,carrier-ls-113363,Chambers Transport,carrier-035,113363
SLS GROUP WORLDWIDE LLC,carrier-1783725492709,SLS Group WorldWide,carrier-037,1086171
DXD EXPRESS INC,carrier-ls-079819,DXD EXPRESS,carrier-039,079819
AL-AMIN EXPRESS INC,carrier-ls-1388474,AL - Amin Express,carrier-041,1388474
LUCKY FREIGHT LLC,carrier-ls-1261977,LUCKY FREIGHT,carrier-044,1261977
MMH EXPRESS INC,carrier-1783703722327,MMH EXPRESS,carrier-046,1103421
ICONIC LOGISTICS LLC,carrier-1783688830188,Iconic Logistics,carrier-047,1575040
MAX EXPRESS INC,carrier-ls-786115,MAX EXPRESS,carrier-052,786115
J&R TRANSIT LLC,carrier-ls-1063302,J&R TRANSIT,carrier-053,1063302
GOLD TREE TRANS INC,carrier-ls-1466733,Gold Tree Trans,carrier-055,1466733
I AM EXPRESS LLC,carrier-056,I AM EXPRESS,carrier-1783865258450,
RHYANS SPEEDY DELIVERY LLC,carrier-ls-1207089,RHYANS SPEEDY DELIVERY,carrier-061,1207089
MOOVE CORP,carrier-ls-1132186,Moove,carrier-069,1132186
SWEET CAROLINA LOGISTICS LLC,carrier-ls-1569311,sweet carolina logistics,carrier-076,1569311
BARRU GROUP INC,carrier-ls-1090682,Barru Group,carrier-079,1090682
MAXUZ LLC,carrier-ls-1638140,MAXUZ,carrier-081,1638140
SUNNY RIVER LLC,carrier-1783870951479,SUNNY RIVER,carrier-082,930019
TURON INC,carrier-ls-864220,Turon,carrier-083,864220
AMERICAN SUCCESSFUL TRUCKING LLC,carrier-ls-1180541,American Successful Trucking,carrier-087,1180541
NEW WAY FREIGHT INC,carrier-ls-1454347,New Way Freight,carrier-089,1454347
UZ AUTO TRANS LLC,carrier-ls-860630,UZ Auto Trans,carrier-090,860630
EDLE TRUCKING LLC,carrier-ls-1116074,EDLE Trucking,carrier-093,1116074
INLAND EMPIRE LLC,carrier-ls-1542955,INLAND EMPIRE,carrier-095,1542955
ZMILE INC,carrier-ls-1067250,ZMILE,carrier-097,1067250
LAPWIN INC,carrier-ls-750001,LAPWIN,carrier-099,750001
DEMIR LLC,carrier-ls-1539278,DEMIR,carrier-103,1539278
BEST PARTNERS LLC,carrier-ls-1604922,BEST PARTNERS,carrier-112,1604922
AA CARRIERS LLC,carrier-ls-060976,AA Carriers,carrier-114,060976
BURGESS TRUCKING LLC,carrier-ls-862899,BURGESS TRUCKING,carrier-125,862899
IMRAN INC,carrier-ls-1253332,IMRAN,carrier-132,1253332
JESUS LOGISTICS LLC,carrier-ls-1146998,Jesus Logistics,carrier-142,1146998
RMR TRANSPORTATION LLC,carrier-ls-1215872,RMR TRANSPORTATION,carrier-143,1215872
LO-KEY EXPRESS INC,carrier-ls-518560,LO KEY EXPRESS,carrier-144,518560
ISP GLOBAL INC,carrier-ls-1454538,ISP GLOBAL,carrier-145,1454538
ARALLETRANS LLC,carrier-ls-1362559,ARALLETRANS,carrier-147,1362559
DEMAND TRANSPORT LLC,carrier-ls-1258740,DEMAND TRANSPORT,carrier-151,1258740
LOADMODE LLC,carrier-ls-1242119,LOADMODE,carrier-153,1242119
N1 EXPRESS LLC,carrier-ls-1229183,N1 Express,carrier-155,1229183
ARAL CARGO LLC,carrier-ls-1680584,ARAL CARGO,carrier-156,1680584
UMAX CARGO INC,carrier-ls-1145817,UMAX Cargo,carrier-158,1145817
HENDRY TRUCKING LLC,carrier-ls-1255790,Hendry Trucking,carrier-161,1255790
GILZA INC,carrier-ls-1629027,GILZA,carrier-164,1629027
SADIYA LOGISTICS LLC,carrier-ls-1694194,SADIYA LOGISTICS,carrier-165,1694194
SUPERTRANSPORT LLC,carrier-ls-788425,SUPERTRANSPORT,carrier-166,788425
ARAVAN CARGO INC,carrier-ls-097970,ARAVAN CARGO,carrier-169,097970
SPEEDY DELIVERY INC,carrier-ls-1489859,SPEEDY DELIVERY,carrier-170,1489859
NAVA MOVING SERVICE INC,carrier-ls-1488444,Nava Moving Service,carrier-174,1488444
AMERICAN TURBO LLC,carrier-ls-1180775,AMERICAN TURBO,carrier-1783277706306,1180775
U & Z QUALITY LLC,carrier-ls-077676,U & Z QUALITY INC,carrier-1783615929396,077676
DINKINS TRANSPORT INCORPORATED,carrier-1783703697244,Dinkins Transport,carrier-1783865148691,1114662
UMT GLOBAL LOGISTICS LLC,carrier-ls-1012003,UMT GLOBAL LOGISTICS,carrier-1783707823646,1012003
NATIONWIDE CARRIER INC,carrier-1783725777741,NATIONWIDE CARRIER,carrier-1783882197993,880750
I TRANSPORT INC,carrier-ls-969834,I Transport,carrier-1783864747546,969834
ELEGANT EXPRESS LLC,carrier-ls-1028812,Elegant Express,carrier-1783865462953,1028812
MGR FREIGHT SYSTEM INC,carrier-ls-576078,MGR Freight System,carrier-1784303285395,576078
X9 LOGISTICS INC,carrier-ls-1297229,X9 LOGISTICS,carrier-184,1297229
GLOBAL EXPEDITE LOGISTICS LLC,carrier-ls-1716266,Global Expedite Logistics,carrier-185,1716266
ELROE TRUCKING LLC,carrier-ls-1266780,ELROE TRUCKING,carrier-187,1266780
NATION ROAD LLC,carrier-ls-1603685,NATION ROAD,carrier-188,1603685
VIP INC,carrier-ls-1128902,VIP,carrier-189,1128902
NICE GUYS LLC,carrier-ls-1003510,Nice Guys,carrier-191,1003510
SARAY EXPRESS INC,carrier-ls-1219990,SARAY EXPRESS,carrier-199,1219990
OSY GROUP INC,carrier-ls-1413928,OSY GROUP,carrier-206,1413928
BEKHZOD CORPORATION INC,carrier-ls-1603379,Bekhzod,carrier-210,1603379
TFTS INC,carrier-ls-1607655,TFTS,carrier-215,1607655
EL QUALITY INC,carrier-ls-1073809,EL QUALITY,carrier-217,1073809
GOOD AS GOLD LOGISTICS LLC,carrier-ls-1115698,GOOD AS GOLD LOGISTICS,carrier-220,1115698
COACH FREIGHT INC,carrier-ls-742751,Coach Freight,carrier-224,742751
VAG DINAMIC INC,carrier-ls-1130931,VAG DINAMIC,carrier-226,1130931
ESL TRUCKING INCORPORATED,carrier-ls-1234542,ESL Trucking,carrier-227,1234542
QUALITY LOGISTICS LLC,carrier-ls-1073452,quality logistics,carrier-231,1073452
SAM TRUCKING LLC,carrier-ls-1202706,SAM TRUCKING,carrier-237,1202706
ALPHA AND MIKE LLC,carrier-ls-1071168,ALPHA AND MIKE,carrier-238,1071168
TRUE NATION INC,carrier-ls-699413,TRUE NATION,carrier-242,699413
MALLAH TRUCKING LLC,carrier-ls-871561,MALLAH TRUCKING,carrier-245,871561
DRION LLC,carrier-ls-1114510,DRION,carrier-258,1114510
SOPHIA GREENLINE TRANSPORT CORPORATION,carrier-ls-1513731,Sophia Greenline Transport Corp,carrier-261,1513731
NEXAFLOW LLC,carrier-ls-1729858,NEXAFLOW,carrier-265,1729858
VIRK LOGISTICS INC,carrier-ls-1208474,VIRK LOGISTICS,carrier-266,1208474
PRO TRANSPORTATION LLC,carrier-ls-1724786,PRO TRANSPORTATION,carrier-268,1724786
SANA TRANSPORTATION LLC,carrier-ls-1481472,SANA TRANSPORTATION,carrier-275,1481472
AYMO TRUCKING LLC,carrier-ls-1295140,AYMO TRUCKING,carrier-279,1295140
ZAMANI ENTERPRISES LLC,carrier-ls-1459966,ZAMANI ENTERPRISES,carrier-283,1459966
QADAR LOGISTICS LLC,carrier-ls-1250364,QADAR LOGISTICS,carrier-285,1250364
ZONE-OH LLC,carrier-ls-1126783,Zone OH,carrier-292,1126783
UZLAND TRUCKING INC,carrier-ls-1165399,UZLAND TRUCKING,carrier-293,1165399
UNITED GOALS INC,carrier-ls-1089284,UNITED GOALS,carrier-294,1089284
HPYC TRANSPORTATION INC,carrier-ls-1084305,HPYC TRANSPORTATION,carrier-295,1084305
V STAR INC,carrier-ls-1354166,V STAR,carrier-298,1354166
UZMEX TRUCKING LLC,carrier-ls-1662622,UZMEX Trucking,carrier-299,1662622
OPTIMIST TRUCKING LLC,carrier-ls-1229224,OPTIMIST TRUCKING,carrier-304,1229224
BELT EXPRESS LLC,carrier-ls-878473,BELT EXPRESS INC,carrier-311,878473
MAE LEE TRUCKING LLC,carrier-ls-1401325,MAE LEE TRUCKING,carrier-317,1401325
LEADER GROUP INC,carrier-ls-1162901,LEADER GROUP,carrier-324,1162901
SAM AUTO TRANS LLC,carrier-ls-874947,Sam Auto Trans,carrier-332,874947
CAPITOL TRUCKING LLC,carrier-ls-1408174,CAPITOL TRUCKING,carrier-336,1408174
